{
  "filtered": 0,
  "results": [
    {
      "name": "runs100ForIncrementX1e6",
      "totalMs": 1.8076000000137356,
      "runsCount": 200,
      "measuredRunsAvgMs": 0.009038000000068679,
      "measuredRunsMs": [
        0.05360000000018772,
        0.014400000000023283,
        0.010199999999713327,
        0.011199999999917054,
        0.009500000000116415,
        0.011199999999917054,
        0.009300000000621367,
        0.01330000000052678,
        0.009300000000621367,
        0.00860000000011496,
        0.008900000000721775,
        0.012600000000020373,
        0.011500000000523869,
        0.008800000000519503,
        0.011799999999311694,
        0.008699999999407737,
        0.008199999999305874,
        0.00830000000041764,
        0.008799999999610009,
        0.008299999999508145,
        0.008100000000922591,
        0.008700000000317232,
        0.008200000000215368,
        0.008199999999305874,
        0.01040000000011787,
        0.008399999999710417,
        0.008299999999508145,
        0.00830000000041764,
        0.008499999999912689,
        0.00860000000011496,
        0.008200000000215368,
        0.010500000000320142,
        0.008200000000215368,
        0.008199999999305874,
        0.008100000000013097,
        0.00860000000011496,
        0.008200000000215368,
        0.008200000000215368,
        0.010600000000522414,
        0.00860000000011496,
        0.009200000000419095,
        0.011300000000119326,
        0.009000000000014552,
        0.007899999999608553,
        0.008499999999912689,
        0.00830000000041764,
        0.007999999999810825,
        0.00800000000072032,
        0.010200000000622822,
        0.008200000000215368,
        0.00800000000072032,
        0.0078000000003157766,
        0.008100000000013097,
        0.008100000000013097,
        0.007900000000518048,
        0.009500000000116415,
        0.0078000000003157766,
        0.007900000000518048,
        0.007499999999708962,
        0.008100000000013097,
        0.007899999999608553,
        0.007799999999406282,
        0.009699999999611464,
        0.007899999999608553,
        0.0078000000003157766,
        0.007799999999406282,
        0.008199999999305874,
        0.007900000000518048,
        0.011000000000422006,
        0.011599999999816646,
        0.0078000000003157766,
        0.007899999999608553,
        0.00800000000072032,
        0.008100000000013097,
        0.007899999999608553,
        0.007900000000518048,
        0.01040000000011787,
        0.007900000000518048,
        0.007700000000113505,
        0.007700000000113505,
        0.008200000000215368,
        0.0078000000003157766,
        0.008299999999508145,
        0.00830000000041764,
        0.008399999999710417,
        0.007700000000113505,
        0.008399999999710417,
        0.008100000000013097,
        0.007899999999608553,
        0.010600000000522414,
        0.0078000000003157766,
        0.008499999999912689,
        0.007999999999810825,
        0.008199999999305874,
        0.007900000000518048,
        0.007999999999810825,
        0.01069999999981519,
        0.008100000000013097,
        0.008100000000013097,
        0.008100000000013097,
        0.00830000000041764,
        0.007999999999810825,
        0.0078000000003157766,
        0.008200000000215368,
        0.008200000000215368,
        0.007900000000518048,
        0.0078000000003157766,
        0.008100000000013097,
        0.00800000000072032,
        0.007900000000518048,
        0.007799999999406282,
        0.008100000000013097,
        0.007599999999911233,
        0.00769999999920401,
        0.008199999999305874,
        0.008100000000013097,
        0.007700000000113505,
        0.0078000000003157766,
        0.008100000000013097,
        0.007700000000113505,
        0.00769999999920401,
        0.00830000000041764,
        0.0078000000003157766,
        0.007900000000518048,
        0.007799999999406282,
        0.02400000000034197,
        0.007499999999708962,
        0.02370000000064465,
        0.007599999999911233,
        0.0072000000000116415,
        0.00709999999980937,
        0.006900000000314321,
        0.007300000000213913,
        0.00709999999980937,
        0.0072000000000116415,
        0.010299999999915599,
        0.007300000000213913,
        0.008499999999912689,
        0.0072000000000116415,
        0.007700000000113505,
        0.007300000000213913,
        0.007500000000618456,
        0.008200000000215368,
        0.007300000000213913,
        0.007700000000113505,
        0.007499999999708962,
        0.007400000000416185,
        0.007499999999708962,
        0.007400000000416185,
        0.007499999999708962,
        0.0078000000003157766,
        0.025499999999738066,
        0.007900000000518048,
        0.007500000000618456,
        0.007499999999708962,
        0.007700000000113505,
        0.007499999999708962,
        0.007500000000618456,
        0.007899999999608553,
        0.007499999999708962,
        0.007999999999810825,
        0.0078000000003157766,
        0.008499999999912689,
        0.00830000000041764,
        0.007899999999608553,
        0.01099999999951251,
        0.007700000000113505,
        0.008100000000013097,
        0.008100000000013097,
        0.008499999999912689,
        0.007700000000113505,
        0.007900000000518048,
        0.027100000000245927,
        0.007700000000113505,
        0.007499999999708962,
        0.00800000000072032,
        0.008399999999710417,
        0.0078000000003157766,
        0.007899999999608553,
        0.010700000000724685,
        0.00800000000072032,
        0.01040000000011787,
        0.02109999999993306,
        0.009399999999914144,
        0.008500000000822183,
        0.007999999999810825,
        0.011300000000119326,
        0.007799999999406282,
        0.008700000000317232,
        0.00800000000072032,
        0.008100000000013097,
        0.007700000000113505,
        0.007700000000113505,
        0.010299999999915599,
        0.008400000000619912,
        0.007799999999406282,
        0.0078000000003157766,
        0.008199999999305874,
        0.0078000000003157766,
        0.008399999999710417
      ]
    },
    {
      "name": "for100ForIncrementX1e6",
      "totalMs": 1.6368000000056782,
      "runsCount": 100,
      "measuredRunsAvgMs": 0.01636800000005678,